INSERT INTO Address (address_id,street_address,city,state,postal_number) VALUES (1,'P.O. Box 899, 1479 Ipsum. St.','Berlin','Germany','62491');
INSERT INTO Address (address_id,street_address,city,state,postal_number) VALUES (2,'Ap #291-4990 Aliquet. St.','Hamburg','Germany','56457');
INSERT INTO Address (address_id,street_address,city,state,postal_number) VALUES (3,'698-6846 Ac Rd.','Sankt Ingbert','Germany','45106');
INSERT INTO Address (address_id,street_address,city,state,postal_number) VALUES (4,'8487 Aliquet Rd.','Völklingen','Germany','96250');
INSERT INTO Address (address_id,street_address,city,state,postal_number) VALUES (5,'P.O. Box 328, 4217 Faucibus St.','Bad Neuenahr-Ahrweiler','Germany','44861');
INSERT INTO Address (address_id,street_address,city,state,postal_number) VALUES (6,'Ap #642-7725 Morbi Street','Chemnitz','Germany','64003');
INSERT INTO Address (address_id,street_address,city,state,postal_number) VALUES (7,'P.O. Box 578, 6493 Quis Avenue','Bad Kreuznach','Germany','90878');
INSERT INTO Address (address_id,street_address,city,state,postal_number) VALUES (8,'Ap #252-1078 Nec St.','Solingen','Germany','12566');
INSERT INTO Address (address_id,street_address,city,state,postal_number) VALUES (9,'P.O. Box 512, 325 Purus, Street','Riesa','Germany','20349');
INSERT INTO Address (address_id,street_address,city,state,postal_number) VALUES (10,'194-9637 Euismod Rd.','Ahrensburg','Germany','26995');
INSERT INTO Address (address_id,street_address,city,state,postal_number) VALUES (11,'Ap #432-630 Mi Street','Mainz','Germany','81062');
INSERT INTO Address (address_id,street_address,city,state,postal_number) VALUES (12,'P.O. Box 493, 7696 Lacus. St.','Stade','Germany','12520');
INSERT INTO Address (address_id,street_address,city,state,postal_number) VALUES (13,'P.O. Box 852, 6517 Vitae St.','Staßfurt','Germany','59719');
INSERT INTO Address (address_id,street_address,city,state,postal_number) VALUES (14,'874-4659 Donec Ave','Regensburg','Germany','29040');
INSERT INTO Address (address_id,street_address,city,state,postal_number) VALUES (15,'Ap #725-3992 Non, St.','Hamburg','Germany','61093');
INSERT INTO Address (address_id,street_address,city,state,postal_number) VALUES (16,'768-6412 Morbi Rd.','Kelkheim','Germany','52637');
INSERT INTO Address (address_id,street_address,city,state,postal_number) VALUES (17,'Ap #869-8147 Consequat Av.','Berlin','Germany','88016');
INSERT INTO Address (address_id,street_address,city,state,postal_number) VALUES (18,'Ap #167-6124 Nunc Road','Haßloch','Germany','96710');
INSERT INTO Address (address_id,street_address,city,state,postal_number) VALUES (19,'932-4235 Euismod Av.','Bremen','Germany','54502');
INSERT INTO Address (address_id,street_address,city,state,postal_number) VALUES (20,'P.O. Box 797, 5443 Laoreet St.','Berlin','Germany','80152');
INSERT INTO Address (address_id,street_address,city,state,postal_number) VALUES (21,'Ap #274-8938 Nulla. St.','Heidenheim','Germany','12106');
INSERT INTO Address (address_id,street_address,city,state,postal_number) VALUES (22,'Ap #645-9045 In, Street','Worms','Germany','37767');
INSERT INTO Address (address_id,street_address,city,state,postal_number) VALUES (23,'P.O. Box 952, 656 Et Rd.','Stuttgart','Germany','99873');
INSERT INTO Address (address_id,street_address,city,state,postal_number) VALUES (24,'738-1800 Etiam St.','Hamburg','Germany','93316');
INSERT INTO Address (address_id,street_address,city,state,postal_number) VALUES (25,'1360 Lacus. St.','Bautzen','Germany','25621');
INSERT INTO Address (address_id,street_address,city,state,postal_number) VALUES (26,'P.O. Box 659, 3761 Nunc Rd.','Güstrow','Germany','94875');
INSERT INTO Address (address_id,street_address,city,state,postal_number) VALUES (27,'P.O. Box 263, 3317 Diam St.','Mülheim','Germany','03765');
INSERT INTO Address (address_id,street_address,city,state,postal_number) VALUES (28,'P.O. Box 242, 9808 Curabitur Rd.','Dillenburg','Germany','76762');
INSERT INTO Address (address_id,street_address,city,state,postal_number) VALUES (29,'Ap #648-3907 Sollicitudin Road','Hamburg','Germany','25119');
INSERT INTO Address (address_id,street_address,city,state,postal_number) VALUES (30,'P.O. Box 375, 5292 Mi. Av.','Bremerhaven','Germany','93352');
INSERT INTO Address (address_id,street_address,city,state,postal_number) VALUES (31,'7234 Sem St.','Radebeul','Germany','98733');
INSERT INTO Address (address_id,street_address,city,state,postal_number) VALUES (32,'5299 Eget St.','Bremerhaven','Germany','43890');
INSERT INTO Address (address_id,street_address,city,state,postal_number) VALUES (33,'210-8322 Eget, St.','Burg','Germany','51150');
INSERT INTO Address (address_id,street_address,city,state,postal_number) VALUES (34,'Ap #812-9831 Mollis Av.','Bernburg','Germany','61228');
INSERT INTO Address (address_id,street_address,city,state,postal_number) VALUES (35,'P.O. Box 605, 3603 A, St.','Quedlinburg','Germany','80217');
INSERT INTO Address (address_id,street_address,city,state,postal_number) VALUES (36,'5398 Nibh. Street','Ludwigsburg','Germany','83611');
INSERT INTO Address (address_id,street_address,city,state,postal_number) VALUES (37,'Ap #843-6501 Malesuada St.','Haßloch','Germany','25951');
INSERT INTO Address (address_id,street_address,city,state,postal_number) VALUES (38,'Ap #402-7462 Sed St.','Konstanz','Germany','24951');
INSERT INTO Address (address_id,street_address,city,state,postal_number) VALUES (39,'P.O. Box 674, 3855 Felis Av.','Naumburg','Germany','36631');
INSERT INTO Address (address_id,street_address,city,state,postal_number) VALUES (40,'6087 Eget, Ave','Forst','Germany','53279');
INSERT INTO Address (address_id,street_address,city,state,postal_number) VALUES (41,'Ap #651-2474 Euismod Avenue','Worms','Germany','56658');
INSERT INTO Address (address_id,street_address,city,state,postal_number) VALUES (42,'P.O. Box 916, 2632 Diam St.','Böblingen','Germany','67642');
INSERT INTO Address (address_id,street_address,city,state,postal_number) VALUES (43,'9033 Cras Av.','Pforzheim','Germany','08580');




INSERT INTO Person (person_id,first_name,last_name,date_of_birth,phone_number,address_id) VALUES (1,'Ferdinand','Roman','2020-09-27','04 40 09 17 48',33);
INSERT INTO Person (person_id,first_name,last_name,date_of_birth,phone_number,address_id) VALUES (2,'Sigourney','Pearson','2021-12-20','08 26 14 80 10',36);
INSERT INTO Person (person_id,first_name,last_name,date_of_birth,phone_number,address_id) VALUES (3,'Chandler','Williamson','2021-02-03','03 28 24 54 03',1);
INSERT INTO Person (person_id,first_name,last_name,date_of_birth,phone_number,address_id) VALUES (4,'Ginger','Jackson','2021-07-29','04 25 50 84 11',3);
INSERT INTO Person (person_id,first_name,last_name,date_of_birth,phone_number,address_id) VALUES (5,'Rylee','Marquez','2020-12-03','04 87 63 95 95',37);
INSERT INTO Person (person_id,first_name,last_name,date_of_birth,phone_number,address_id) VALUES (6,'Tara','Robbins','2021-12-05','01 74 93 11 94',4);
INSERT INTO Person (person_id,first_name,last_name,date_of_birth,phone_number,address_id) VALUES (7,'Ira','Shepard','2020-02-18','02 95 70 13 81',21);
INSERT INTO Person (person_id,first_name,last_name,date_of_birth,phone_number,address_id) VALUES (8,'Bree','Hinton','2021-06-05','09 50 57 91 71',26);
INSERT INTO Person (person_id,first_name,last_name,date_of_birth,phone_number,address_id) VALUES (9,'Alexis','Prince','2021-09-04','01 26 21 39 40',29);
INSERT INTO Person (person_id,first_name,last_name,date_of_birth,phone_number,address_id) VALUES (10,'Devin','Weber','2020-11-21','09 86 24 21 27',39);
INSERT INTO Person (person_id,first_name,last_name,date_of_birth,phone_number,address_id) VALUES (11,'Dacey','Rodgers','2020-11-22','07 71 42 82 30',38);
INSERT INTO Person (person_id,first_name,last_name,date_of_birth,phone_number,address_id) VALUES (12,'Grant','Conrad','2020-02-01','05 33 90 83 82',41);
INSERT INTO Person (person_id,first_name,last_name,date_of_birth,phone_number,address_id) VALUES (13,'Cora','Charles','2020-04-17','04 78 64 36 08',10);
INSERT INTO Person (person_id,first_name,last_name,date_of_birth,phone_number,address_id) VALUES (14,'Kelly','Hopper','2021-07-04','09 80 14 69 49',28);
INSERT INTO Person (person_id,first_name,last_name,date_of_birth,phone_number,address_id) VALUES (15,'Veronica','Velazquez','2020-10-30','05 76 50 61 79',2);
INSERT INTO Person (person_id,first_name,last_name,date_of_birth,phone_number,address_id) VALUES (16,'Arsenio','Douglas','2021-06-02','07 07 27 95 73',32);
INSERT INTO Person (person_id,first_name,last_name,date_of_birth,phone_number,address_id) VALUES (17,'Quamar','Montoya','2020-03-24','04 91 25 43 79',2);
INSERT INTO Person (person_id,first_name,last_name,date_of_birth,phone_number,address_id) VALUES (18,'Colton','Dixon','2020-03-15','03 57 93 15 77',36);
INSERT INTO Person (person_id,first_name,last_name,date_of_birth,phone_number,address_id) VALUES (19,'Allistair','Perry','2021-11-06','02 11 28 88 88',33);
INSERT INTO Person (person_id,first_name,last_name,date_of_birth,phone_number,address_id) VALUES (20,'George','Hopkins','2021-07-07','04 27 51 46 94',21);
INSERT INTO Person (person_id,first_name,last_name,date_of_birth,phone_number,address_id) VALUES (21,'Hannah','Michael','2020-01-24','07 27 10 99 04',40);
INSERT INTO Person (person_id,first_name,last_name,date_of_birth,phone_number,address_id) VALUES (22,'Perry','Palmer','2021-10-18','03 35 55 16 22',39);
INSERT INTO Person (person_id,first_name,last_name,date_of_birth,phone_number,address_id) VALUES (23,'Althea','Fischer','2020-12-13','05 46 62 98 97',43);
INSERT INTO Person (person_id,first_name,last_name,date_of_birth,phone_number,address_id) VALUES (24,'Quintessa','Pickett','2020-08-20','06 68 67 39 66',3);
INSERT INTO Person (person_id,first_name,last_name,date_of_birth,phone_number,address_id) VALUES (25,'Tamekah','Strong','2020-04-19','08 93 96 21 42',36);
INSERT INTO Person (person_id,first_name,last_name,date_of_birth,phone_number,address_id) VALUES (26,'Plato','Mosley','2020-01-12','01 84 46 63 46',35);
INSERT INTO Person (person_id,first_name,last_name,date_of_birth,phone_number,address_id) VALUES (27,'Graham','Rivas','2020-11-16','06 86 91 86 03',15);
INSERT INTO Person (person_id,first_name,last_name,date_of_birth,phone_number,address_id) VALUES (28,'Dustin','Johnson','2020-11-18','07 13 25 02 68',4);
INSERT INTO Person (person_id,first_name,last_name,date_of_birth,phone_number,address_id) VALUES (29,'Isaac','Bush','2020-10-24','05 10 92 00 00',25);
INSERT INTO Person (person_id,first_name,last_name,date_of_birth,phone_number,address_id) VALUES (30,'Quentin','Dunn','2020-06-11','09 13 91 98 95',41);
INSERT INTO Person (person_id,first_name,last_name,date_of_birth,phone_number,address_id) VALUES (31,'Quin','Douglas','2020-10-20','05 48 42 19 52',29);
INSERT INTO Person (person_id,first_name,last_name,date_of_birth,phone_number,address_id) VALUES (32,'Alexander','Hoffman','2021-05-28','03 68 45 68 07',15);
INSERT INTO Person (person_id,first_name,last_name,date_of_birth,phone_number,address_id) VALUES (33,'Sasha','Ellis','2021-05-25','06 92 04 92 40',30);
INSERT INTO Person (person_id,first_name,last_name,date_of_birth,phone_number,address_id) VALUES (34,'Mollie','Hendrix','2020-09-04','04 60 34 38 81',6);
INSERT INTO Person (person_id,first_name,last_name,date_of_birth,phone_number,address_id) VALUES (35,'Imogene','Combs','2020-12-08','07 45 06 94 04',15);
INSERT INTO Person (person_id,first_name,last_name,date_of_birth,phone_number,address_id) VALUES (36,'Palmer','Puckett','2021-07-10','04 30 99 98 79',2);
INSERT INTO Person (person_id,first_name,last_name,date_of_birth,phone_number,address_id) VALUES (37,'Malik','Riley','2021-11-16','03 91 49 09 93',30);
INSERT INTO Person (person_id,first_name,last_name,date_of_birth,phone_number,address_id) VALUES (38,'Louis','Foley','2020-04-11','09 38 44 37 65',30);
INSERT INTO Person (person_id,first_name,last_name,date_of_birth,phone_number,address_id) VALUES (39,'Buckminster','Daniel','2019-12-31','08 67 48 69 29',16);
INSERT INTO Person (person_id,first_name,last_name,date_of_birth,phone_number,address_id) VALUES (40,'Noble','Vinson','2020-08-27','08 44 39 22 31',26);
INSERT INTO Person (person_id,first_name,last_name,date_of_birth,phone_number,address_id) VALUES (41,'Louis','Clements','2020-05-16','09 85 06 13 34',12);
INSERT INTO Person (person_id,first_name,last_name,date_of_birth,phone_number,address_id) VALUES (42,'Rylee','Doyle','2021-06-30','07 65 04 21 85',24);
INSERT INTO Person (person_id,first_name,last_name,date_of_birth,phone_number,address_id) VALUES (43,'Shoshana','Blevins','2020-11-02','07 94 18 61 94',3);
INSERT INTO Person (person_id,first_name,last_name,date_of_birth,phone_number,address_id) VALUES (44,'Cody','Green','2020-03-28','08 01 25 96 83',19);
INSERT INTO Person (person_id,first_name,last_name,date_of_birth,phone_number,address_id) VALUES (45,'Kendall','Larsen','2021-03-07','05 04 00 08 83',10);
INSERT INTO Person (person_id,first_name,last_name,date_of_birth,phone_number,address_id) VALUES (46,'Cullen','Burch','2020-12-20','05 88 68 16 34',5);
INSERT INTO Person (person_id,first_name,last_name,date_of_birth,phone_number,address_id) VALUES (47,'Gil','Rose','2020-09-02','09 40 01 15 51',19);
INSERT INTO Person (person_id,first_name,last_name,date_of_birth,phone_number,address_id) VALUES (48,'Bradley','Hebert','2021-06-10','07 42 42 62 53',37);
INSERT INTO Person (person_id,first_name,last_name,date_of_birth,phone_number,address_id) VALUES (49,'Laura','Roth','2020-04-28','05 02 94 00 65',7);
INSERT INTO Person (person_id,first_name,last_name,date_of_birth,phone_number,address_id) VALUES (50,'Daquan','Sweeney','2021-11-19','07 63 44 49 98',35);
INSERT INTO Person (person_id,first_name,last_name,date_of_birth,phone_number,address_id) VALUES (51,'Chancellor','Berry','2021-04-06','09 80 13 51 05',30);
INSERT INTO Person (person_id,first_name,last_name,date_of_birth,phone_number,address_id) VALUES (52,'Gisela','Klein','2021-03-14','03 38 55 10 86',3);
INSERT INTO Person (person_id,first_name,last_name,date_of_birth,phone_number,address_id) VALUES (53,'Kirestin','Petty','2020-07-13','05 91 70 00 15',20);
INSERT INTO Person (person_id,first_name,last_name,date_of_birth,phone_number,address_id) VALUES (54,'Jerome','Leach','2020-06-15','06 89 20 75 15',42);
INSERT INTO Person (person_id,first_name,last_name,date_of_birth,phone_number,address_id) VALUES (55,'Angela','Hewitt','2021-03-10','01 86 13 02 57',39);
INSERT INTO Person (person_id,first_name,last_name,date_of_birth,phone_number,address_id) VALUES (56,'Galvin','Mosley','2021-01-24','01 62 94 41 68',38);
INSERT INTO Person (person_id,first_name,last_name,date_of_birth,phone_number,address_id) VALUES (57,'Brielle','Woodward','2019-12-21','09 34 38 72 95',14);
INSERT INTO Person (person_id,first_name,last_name,date_of_birth,phone_number,address_id) VALUES (58,'Jena','Blackburn','2020-04-09','01 09 46 75 84',34);
INSERT INTO Person (person_id,first_name,last_name,date_of_birth,phone_number,address_id) VALUES (59,'Uriah','Galloway','2020-10-18','07 85 96 20 91',40);
INSERT INTO Person (person_id,first_name,last_name,date_of_birth,phone_number,address_id) VALUES (60,'Sasha','Mckay','2021-06-28','06 70 51 68 38',27);
INSERT INTO Person (person_id,first_name,last_name,date_of_birth,phone_number,address_id) VALUES (61,'Adam','Anthony','2021-02-23','05 06 48 62 14',42);
INSERT INTO Person (person_id,first_name,last_name,date_of_birth,phone_number,address_id) VALUES (62,'Hunter','Allison','2020-05-18','01 43 85 91 31',8);





INSERT INTO Driver (driver_id,car_id,driver_license_number,person_id) VALUES (1,5,'1621082165299',1);
INSERT INTO Driver (driver_id,car_id,driver_license_number,person_id) VALUES (2,1,'1614010779999',2);
INSERT INTO Driver (driver_id,car_id,driver_license_number,person_id) VALUES (3,7,'1678111363299',3);
INSERT INTO Driver (driver_id,car_id,driver_license_number,person_id) VALUES (4,12,'1691101695399',4);
INSERT INTO Driver (driver_id,car_id,driver_license_number,person_id) VALUES (5,5,'1689071255899',5);
INSERT INTO Driver (driver_id,car_id,driver_license_number,person_id) VALUES (6,4,'1670093006599',6);
INSERT INTO Driver (driver_id,car_id,driver_license_number,person_id) VALUES (7,9,'1681121618799',7);
INSERT INTO Driver (driver_id,car_id,driver_license_number,person_id) VALUES (8,11,'1694031177399',8);
INSERT INTO Driver (driver_id,car_id,driver_license_number,person_id) VALUES (9,2,'1603010238499',9);
INSERT INTO Driver (driver_id,car_id,driver_license_number,person_id) VALUES (10,7,'1626120418099',10);
INSERT INTO Driver (driver_id,car_id,driver_license_number,person_id) VALUES (11,4,'1637071647999',11);
INSERT INTO Driver (driver_id,car_id,driver_license_number,person_id) VALUES (12,6,'1608112724599',12);
INSERT INTO Driver (driver_id,car_id,driver_license_number,person_id) VALUES (13,8,'1696060918599',13);
INSERT INTO Driver (driver_id,car_id,driver_license_number,person_id) VALUES (14,1,'1696031222499',14);
INSERT INTO Driver (driver_id,car_id,driver_license_number,person_id) VALUES (15,11,'1670021354499',15);
INSERT INTO Driver (driver_id,car_id,driver_license_number,person_id) VALUES (16,5,'1628102550099',16);
INSERT INTO Driver (driver_id,car_id,driver_license_number,person_id) VALUES (17,12,'1681052745199',17);
INSERT INTO Driver (driver_id,car_id,driver_license_number,person_id) VALUES (18,1,'1694082191699',18);
INSERT INTO Driver (driver_id,car_id,driver_license_number,person_id) VALUES (19,9,'1648030710599',19);
INSERT INTO Driver (driver_id,car_id,driver_license_number,person_id) VALUES (20,9,'1622082347399',20);
INSERT INTO Driver (driver_id,car_id,driver_license_number,person_id) VALUES (21,8,'1652122187399',21);
INSERT INTO Driver (driver_id,car_id,driver_license_number,person_id) VALUES (22,8,'1631052934599',22);
INSERT INTO Driver (driver_id,car_id,driver_license_number,person_id) VALUES (23,2,'1646100949999',23);
INSERT INTO Driver (driver_id,car_id,driver_license_number,person_id) VALUES (24,3,'1637041890199',24);
INSERT INTO Driver (driver_id,car_id,driver_license_number,person_id) VALUES (25,12,'1686062509199',25);
INSERT INTO Driver (driver_id,car_id,driver_license_number,person_id) VALUES (26,5,'1680092283099',26);
INSERT INTO Driver (driver_id,car_id,driver_license_number,person_id) VALUES (27,8,'1633120143799',27);
INSERT INTO Driver (driver_id,car_id,driver_license_number,person_id) VALUES (28,11,'1667111496599',28);
INSERT INTO Driver (driver_id,car_id,driver_license_number,person_id) VALUES (29,3,'1674112236099',29);
INSERT INTO Driver (driver_id,car_id,driver_license_number,person_id) VALUES (30,9,'1661072339599',30);
INSERT INTO Driver (driver_id,car_id,driver_license_number,person_id) VALUES (31,4,'1641110535799',31);
INSERT INTO Driver (driver_id,car_id,driver_license_number,person_id) VALUES (32,5,'1617121964499',32);
INSERT INTO Driver (driver_id,car_id,driver_license_number,person_id) VALUES (33,5,'1681072836399',33);
INSERT INTO Driver (driver_id,car_id,driver_license_number,person_id) VALUES (34,9,'1633061164899',34);
INSERT INTO Driver (driver_id,car_id,driver_license_number,person_id) VALUES (35,12,'1668070339799',35);
INSERT INTO Driver (driver_id,car_id,driver_license_number,person_id) VALUES (36,8,'1647051209099',36);
INSERT INTO Driver (driver_id,car_id,driver_license_number,person_id) VALUES (37,5,'1659062679099',37);
INSERT INTO Driver (driver_id,car_id,driver_license_number,person_id) VALUES (38,1,'1645081825199',38);
INSERT INTO Driver (driver_id,car_id,driver_license_number,person_id) VALUES (39,4,'1633080412699',39);
INSERT INTO Driver (driver_id,car_id,driver_license_number,person_id) VALUES (40,11,'1655062916999',40);
INSERT INTO Driver (driver_id,car_id,driver_license_number,person_id) VALUES (41,4,'1666052572699',41);
INSERT INTO Driver (driver_id,car_id,driver_license_number,person_id) VALUES (42,4,'1608011144399',42);
INSERT INTO Driver (driver_id,car_id,driver_license_number,person_id) VALUES (43,4,'1673050958499',43);
INSERT INTO Driver (driver_id,car_id,driver_license_number,person_id) VALUES (44,2,'1644091864499',44);
INSERT INTO Driver (driver_id,car_id,driver_license_number,person_id) VALUES (45,3,'1609100196499',45);
INSERT INTO Driver (driver_id,car_id,driver_license_number,person_id) VALUES (46,9,'1643110367099',46);
INSERT INTO Driver (driver_id,car_id,driver_license_number,person_id) VALUES (47,5,'1625050529599',47);
INSERT INTO Driver (driver_id,car_id,driver_license_number,person_id) VALUES (48,12,'1637120361099',48);
INSERT INTO Driver (driver_id,car_id,driver_license_number,person_id) VALUES (49,10,'1633042982099',49);
INSERT INTO Driver (driver_id,car_id,driver_license_number,person_id) VALUES (50,12,'1618121269799',50);



INSERT INTO agent (agent_id,person_id,driver_id,username) VALUES (1,51,14,'EricaClay');
INSERT INTO agent (agent_id,person_id,driver_id,username) VALUES (2,52,42,'JosephBattle');
INSERT INTO agent (agent_id,person_id,driver_id,username) VALUES (3,53,22,'CherylFreeman');
INSERT INTO agent (agent_id,person_id,driver_id,username) VALUES (4,54,35,'MarsdenBlackburn');
INSERT INTO agent (agent_id,person_id,driver_id,username) VALUES (5,55,40,'BurkeLynch');
INSERT INTO agent (agent_id,person_id,driver_id,username) VALUES (6,56,40,'CiaraPetty');
INSERT INTO agent (agent_id,person_id,driver_id,username) VALUES (7,57,48,'PaulSharp');
INSERT INTO agent (agent_id,person_id,driver_id,username) VALUES (8,58,49,'XavieraPate');
INSERT INTO agent (agent_id,person_id,driver_id,username) VALUES (9,59,48,'LucianWilkins');
INSERT INTO agent (agent_id,person_id,driver_id,username) VALUES (10,60,31,'DriscollMendez');
INSERT INTO agent (agent_id,person_id,driver_id,username) VALUES (11,61,19,'EugeniaFranks');
INSERT INTO agent (agent_id,person_id,driver_id,username) VALUES (12,62,37,'TanekLeblanc');




INSERT INTO car (car_id,model,plate,color,serial_number,manufacturer_year,accident_id) VALUES (1,'ante','vulputate,','tellus,','3627DB68-FF79-B97B-D5B0-A771C1B7C9A5','1999-05-18',1);
INSERT INTO car (car_id,model,plate,color,serial_number,manufacturer_year,accident_id) VALUES (2,'luctus','a','Integer','F8238733-6D49-DEAB-83D1-B01494CAECB6','1990-02-03',2);
INSERT INTO car (car_id,model,plate,color,serial_number,manufacturer_year,accident_id) VALUES (3,'semper','magnis','enim.','2CF66175-0A6A-16C1-CD5F-FB7A7DCCEB12','2006-12-26',3);
INSERT INTO car (car_id,model,plate,color,serial_number,manufacturer_year,accident_id) VALUES (4,'sed,','arcu.','orci.','9010D974-4BD5-41EB-BA49-26A1C842AD29','2012-02-21',4);
INSERT INTO car (car_id,model,plate,color,serial_number,manufacturer_year,accident_id) VALUES (5,'turpis','Curabitur','Cras','C679CF9C-C124-69F4-9061-1C195BE5ED9E','1988-08-21',5);
INSERT INTO car (car_id,model,plate,color,serial_number,manufacturer_year,accident_id) VALUES (6,'nulla.','facilisis,','iaculis','06815537-5B41-76B3-32B8-37CB319F2D49','2003-03-29',6);
INSERT INTO car (car_id,model,plate,color,serial_number,manufacturer_year,accident_id) VALUES (7,'Proin','tincidunt','aliquet','ED8476F1-3177-03B4-B9D7-E8AEE064D6BC','1997-10-22',7);
INSERT INTO car (car_id,model,plate,color,serial_number,manufacturer_year,accident_id) VALUES (8,'morbi','montes,','consequat','E9D0EEBE-9985-C9BD-A544-EAC3D66AEF09','2016-10-16',8);
INSERT INTO car (car_id,model,plate,color,serial_number,manufacturer_year,accident_id) VALUES (9,'mollis.','Praesent','sem','F1F1FB79-F824-25A7-73B7-43127417AEBE','2000-03-23',9);
INSERT INTO car (car_id,model,plate,color,serial_number,manufacturer_year,accident_id) VALUES (10,'Proin','neque','semper','F1C32899-D340-75E8-F2F1-681372562184','1992-07-05',10);
INSERT INTO car (car_id,model,plate,color,serial_number,manufacturer_year,accident_id) VALUES (11,'ligula','pellentesque','ullamcorper,','BD16A928-6BFE-F7A0-9BFF-1E8CE0BBE46C','2015-08-02',11);
INSERT INTO car (car_id,model,plate,color,serial_number,manufacturer_year,accident_id) VALUES (12,'augue','mauris','ligula.','9E13029E-6B6E-B858-7858-ACEA1AA115F1','2001-04-03',12);
INSERT INTO car (car_id,model,plate,color,serial_number,manufacturer_year,accident_id) VALUES (13,'Aliquam','volutpat','Sed','C5635FD8-4E71-830E-03E6-1BD12177F978','1987-05-15',13);
INSERT INTO car (car_id,model,plate,color,serial_number,manufacturer_year,accident_id) VALUES (14,'malesuada','Sed','parturient','EBA5FE7C-C8D3-0BBB-B1A8-555704667591','2009-06-25',14);
INSERT INTO car (car_id,model,plate,color,serial_number,manufacturer_year,accident_id) VALUES (15,'lectus','volutpat.','ac','2205DDB9-0913-D4ED-CA53-C61FBB905101','1987-08-17',15);
INSERT INTO car (car_id,model,plate,color,serial_number,manufacturer_year,accident_id) VALUES (16,'nec','mauris','risus.','8510F8EA-CFAD-DA56-B8EF-5F634AE12538','2004-02-01',16);
INSERT INTO car (car_id,model,plate,color,serial_number,manufacturer_year,accident_id) VALUES (17,'ultricies','volutpat','sed','D67DE8D5-D7A6-38DE-5541-E328660BFB33','1995-04-20',17);
INSERT INTO car (car_id,model,plate,color,serial_number,manufacturer_year,accident_id) VALUES (18,'et','Fusce','arcu.','BBA954B8-4DE8-E74C-19EB-F0F56FD5564C','2012-05-03',18);
INSERT INTO car (car_id,model,plate,color,serial_number,manufacturer_year,accident_id) VALUES (19,'Nunc','et','egestas','4D973930-1756-2EE1-13CB-E311D03890EF','2017-11-28',19);
INSERT INTO car (car_id,model,plate,color,serial_number,manufacturer_year,accident_id) VALUES (20,'magna.','imperdiet','amet','29DED75D-AE97-AD2E-DBB9-8C180F7BF4FD','1987-04-21',20);
INSERT INTO car (car_id,model,plate,color,serial_number,manufacturer_year,accident_id) VALUES (21,'Integer','vitae','convallis','7A492D9E-1D6A-4860-03D6-D82B70981A07','2000-07-22',21);
INSERT INTO car (car_id,model,plate,color,serial_number,manufacturer_year,accident_id) VALUES (22,'pharetra.','a,','ipsum','C7D0A864-57AD-BD50-0A5C-D94F32E88FAB','2012-12-02',22);
INSERT INTO car (car_id,model,plate,color,serial_number,manufacturer_year,accident_id) VALUES (23,'Curabitur','eleifend,','eleifend','674A8FB4-AB9C-BF23-5606-0D3C9772EC7D','2017-07-31',23);
INSERT INTO car (car_id,model,plate,color,serial_number,manufacturer_year,accident_id) VALUES (24,'a,','magna.','fringilla','6AEE62C4-E510-94D0-648F-A098062B97AB','2003-05-06',24);
INSERT INTO car (car_id,model,plate,color,serial_number,manufacturer_year,accident_id) VALUES (25,'at,','orci','Duis','582BDBB5-53B3-81CB-BAC5-F2537F49E783','1996-08-17',25);
INSERT INTO car (car_id,model,plate,color,serial_number,manufacturer_year,accident_id) VALUES (26,'eget','Quisque','id,','1DCE4737-5044-0F4B-076C-15AC675F79A2','2010-09-24',26);
INSERT INTO car (car_id,model,plate,color,serial_number,manufacturer_year,accident_id) VALUES (27,'nibh','libero.','malesuada','D1618875-2751-22E4-C196-A5F26ECBD3FE','2002-02-19',27);
INSERT INTO car (car_id,model,plate,color,serial_number,manufacturer_year,accident_id) VALUES (28,'vel','et','et,','CCE4958C-8A9E-8E01-AAA3-52F6786E5ED3','2000-10-18',28);
INSERT INTO car (car_id,model,plate,color,serial_number,manufacturer_year,accident_id) VALUES (29,'risus.','ipsum','euismod','8E3ACFAA-0EA5-851C-64D4-C59E1FEF4608','2010-03-15',29);
INSERT INTO car (car_id,model,plate,color,serial_number,manufacturer_year,accident_id) VALUES (30,'luctus','placerat','amet','8D15C23C-C9CB-29FB-5E82-311B41FCBE06','2005-09-04',30);
INSERT INTO car (car_id,model,plate,color,serial_number,manufacturer_year,accident_id) VALUES (31,'quis,','consectetuer','Maecenas','6BC9950F-A545-AA30-6836-77140DF71449','2017-11-12',31);
INSERT INTO car (car_id,model,plate,color,serial_number,manufacturer_year,accident_id) VALUES (32,'libero.','enim','placerat','9FEA2B55-7D16-E4DE-2C40-781B88716796','1995-01-01',32);
INSERT INTO car (car_id,model,plate,color,serial_number,manufacturer_year,accident_id) VALUES (33,'mattis','ut','tincidunt.','CB6C9BB9-3B39-F108-6BE3-9A6F1F1DD4E9','1996-04-25',33);
INSERT INTO car (car_id,model,plate,color,serial_number,manufacturer_year,accident_id) VALUES (34,'dictum.','orci','aliquam','B391AB09-B1E6-625D-C755-40F10973B3B1','2011-11-20',34);
INSERT INTO car (car_id,model,plate,color,serial_number,manufacturer_year,accident_id) VALUES (35,'blandit.','netus','Nam','823CB19E-BAB8-0875-DD36-15020CA3C6EF','2012-04-06',35);
INSERT INTO car (car_id,model,plate,color,serial_number,manufacturer_year,accident_id) VALUES (36,'In','diam','imperdiet,','19BB673B-6185-8FF4-8D03-7385BB28818C','1993-01-27',36);
INSERT INTO car (car_id,model,plate,color,serial_number,manufacturer_year,accident_id) VALUES (37,'in','at','nunc','79BDF45B-25B9-3318-531F-17CC828C5675','1990-06-25',37);
INSERT INTO car (car_id,model,plate,color,serial_number,manufacturer_year,accident_id) VALUES (38,'semper.','vel','Aliquam','E7122111-51AD-AB69-0E52-E408CD36E3CB','2007-02-28',38);
INSERT INTO car (car_id,model,plate,color,serial_number,manufacturer_year,accident_id) VALUES (39,'consectetuer,','elit,','nibh','C2E2363A-865C-312A-BEA9-6D3F1721BC3C','2008-03-31',39);
INSERT INTO car (car_id,model,plate,color,serial_number,manufacturer_year,accident_id) VALUES (40,'venenatis','nulla','tortor','E4706C00-0584-CC79-08B1-9258B8E522FB','2005-12-12',40);
INSERT INTO car (car_id,model,plate,color,serial_number,manufacturer_year,accident_id) VALUES (41,'enim.','senectus','dapibus','84C321D4-548B-BFED-84BE-0A0D4A94A1B2','2017-07-15',41);
INSERT INTO car (car_id,model,plate,color,serial_number,manufacturer_year,accident_id) VALUES (42,'massa.','nulla.','sit','6BFF0734-9471-AA44-7B97-835D9EE1B442','2000-05-20',42);
INSERT INTO car (car_id,model,plate,color,serial_number,manufacturer_year,accident_id) VALUES (43,'Sed','et','convallis','DA4A45F4-261C-8B42-AB72-B1EA40F9BEB4','2003-06-22',43);
INSERT INTO car (car_id,model,plate,color,serial_number,manufacturer_year,accident_id) VALUES (44,'Aliquam','neque.','leo.','D12CF08B-9BF7-F530-76F4-9E0AA70EDA92','1989-12-10',44);
INSERT INTO car (car_id,model,plate,color,serial_number,manufacturer_year,accident_id) VALUES (45,'In','id,','ante.','CE253BD6-EF2B-0B51-D3C5-DFCF85ED455C','1990-05-05',45);
INSERT INTO car (car_id,model,plate,color,serial_number,manufacturer_year,accident_id) VALUES (46,'ipsum','quis','pellentesque','0153A080-2052-C8B1-B859-1A17DCB9302D','2008-08-16',46);
INSERT INTO car (car_id,model,plate,color,serial_number,manufacturer_year,accident_id) VALUES (47,'lacinia','augue','Duis','89129443-B2ED-A073-96CB-DB079B0D52B0','1998-11-22',47);
INSERT INTO car (car_id,model,plate,color,serial_number,manufacturer_year,accident_id) VALUES (48,'Curabitur','risus.','porttitor','775A9DB3-FF02-CCFB-EF8B-122C79D02BA3','2010-08-02',48);
INSERT INTO car (car_id,model,plate,color,serial_number,manufacturer_year,accident_id) VALUES (49,'vitae','Duis','arcu','9A6BCC1C-AB06-4995-3419-60B8B4DACC90','1995-07-12',49);
INSERT INTO car (car_id,model,plate,color,serial_number,manufacturer_year,accident_id) VALUES (50,'sed','cubilia','dolor,','DC93AF12-D6F6-3ABE-C53C-251C8C63D354','1992-03-01',50);




INSERT INTO payment (pay_id,payment_date,payment_amount) VALUES (1,'2021-03-15','6516.77');
INSERT INTO payment (pay_id,payment_date,payment_amount) VALUES (2,'2021-10-12','370.43');
INSERT INTO payment (pay_id,payment_date,payment_amount) VALUES (3,'2021-02-26','2733.71');
INSERT INTO payment (pay_id,payment_date,payment_amount) VALUES (4,'2021-10-25','7736.63');
INSERT INTO payment (pay_id,payment_date,payment_amount) VALUES (5,'2020-11-26','8305.63');
INSERT INTO payment (pay_id,payment_date,payment_amount) VALUES (6,'2020-02-10','2098.53');
INSERT INTO payment (pay_id,payment_date,payment_amount) VALUES (7,'2020-09-20','9128.22');
INSERT INTO payment (pay_id,payment_date,payment_amount) VALUES (8,'2020-03-30','5366.02');
INSERT INTO payment (pay_id,payment_date,payment_amount) VALUES (9,'2020-07-29','240.21');
INSERT INTO payment (pay_id,payment_date,payment_amount) VALUES (10,'2021-06-22','7372.07');
INSERT INTO payment (pay_id,payment_date,payment_amount) VALUES (11,'2021-02-21','1431.65');
INSERT INTO payment (pay_id,payment_date,payment_amount) VALUES (12,'2021-03-31','709.58');
INSERT INTO payment (pay_id,payment_date,payment_amount) VALUES (13,'2021-02-07','1823.06');
INSERT INTO payment (pay_id,payment_date,payment_amount) VALUES (14,'2021-06-01','8303.90');
INSERT INTO payment (pay_id,payment_date,payment_amount) VALUES (15,'2020-12-24','7133.26');
INSERT INTO payment (pay_id,payment_date,payment_amount) VALUES (16,'2021-08-10','781.05');
INSERT INTO payment (pay_id,payment_date,payment_amount) VALUES (17,'2020-01-13','2630.18');
INSERT INTO payment (pay_id,payment_date,payment_amount) VALUES (18,'2021-04-06','2488.20');
INSERT INTO payment (pay_id,payment_date,payment_amount) VALUES (19,'2020-10-26','4713.05');
INSERT INTO payment (pay_id,payment_date,payment_amount) VALUES (20,'2021-06-29','8173.63');
INSERT INTO payment (pay_id,payment_date,payment_amount) VALUES (21,'2021-04-12','2974.22');
INSERT INTO payment (pay_id,payment_date,payment_amount) VALUES (22,'2020-01-11','8502.03');
INSERT INTO payment (pay_id,payment_date,payment_amount) VALUES (23,'2020-08-01','9393.79');
INSERT INTO payment (pay_id,payment_date,payment_amount) VALUES (24,'2021-05-22','7173.32');
INSERT INTO payment (pay_id,payment_date,payment_amount) VALUES (25,'2020-09-23','113.76');
INSERT INTO payment (pay_id,payment_date,payment_amount) VALUES (26,'2021-06-09','8464.01');
INSERT INTO payment (pay_id,payment_date,payment_amount) VALUES (27,'2020-05-14','4351.29');
INSERT INTO payment (pay_id,payment_date,payment_amount) VALUES (28,'2020-07-26','7392.77');
INSERT INTO payment (pay_id,payment_date,payment_amount) VALUES (29,'2020-04-04','6649.36');
INSERT INTO payment (pay_id,payment_date,payment_amount) VALUES (30,'2021-01-26','5337.79');
INSERT INTO payment (pay_id,payment_date,payment_amount) VALUES (31,'2021-05-01','9896.86');
INSERT INTO payment (pay_id,payment_date,payment_amount) VALUES (32,'2021-10-15','2400.32');
INSERT INTO payment (pay_id,payment_date,payment_amount) VALUES (33,'2021-06-05','7277.32');
INSERT INTO payment (pay_id,payment_date,payment_amount) VALUES (34,'2020-01-16','2011.34');
INSERT INTO payment (pay_id,payment_date,payment_amount) VALUES (35,'2021-06-19','5412.97');
INSERT INTO payment (pay_id,payment_date,payment_amount) VALUES (36,'2021-09-22','298.78');
INSERT INTO payment (pay_id,payment_date,payment_amount) VALUES (37,'2020-10-20','4501.11');
INSERT INTO payment (pay_id,payment_date,payment_amount) VALUES (38,'2021-10-01','2599.08');
INSERT INTO payment (pay_id,payment_date,payment_amount) VALUES (39,'2021-03-08','9200.10');
INSERT INTO payment (pay_id,payment_date,payment_amount) VALUES (40,'2021-10-30','9991.50');
INSERT INTO payment (pay_id,payment_date,payment_amount) VALUES (41,'2021-04-05','4069.23');
INSERT INTO payment (pay_id,payment_date,payment_amount) VALUES (42,'2021-07-25','1400.34');
INSERT INTO payment (pay_id,payment_date,payment_amount) VALUES (43,'2020-08-17','2195.61');
INSERT INTO payment (pay_id,payment_date,payment_amount) VALUES (44,'2020-03-14','4292.06');
INSERT INTO payment (pay_id,payment_date,payment_amount) VALUES (45,'2020-08-29','4324.13');
INSERT INTO payment (pay_id,payment_date,payment_amount) VALUES (46,'2020-06-19','3257.43');
INSERT INTO payment (pay_id,payment_date,payment_amount) VALUES (47,'2020-12-22','1619.82');
INSERT INTO payment (pay_id,payment_date,payment_amount) VALUES (48,'2020-02-02','820.59');
INSERT INTO payment (pay_id,payment_date,payment_amount) VALUES (49,'2020-10-07','5456.58');
INSERT INTO payment (pay_id,payment_date,payment_amount) VALUES (50,'2020-10-16','2375.15');



INSERT INTO insurance (insurance_id,coverage,issued_date,pay_id) VALUES (1,'930.98','2021-10-14',1);
INSERT INTO insurance (insurance_id,coverage,issued_date,pay_id) VALUES (2,'65.28','2019-09-27',2);
INSERT INTO insurance (insurance_id,coverage,issued_date,pay_id) VALUES (3,'600.16','2018-01-22',3);
INSERT INTO insurance (insurance_id,coverage,issued_date,pay_id) VALUES (4,'281.43','2017-10-29',4);
INSERT INTO insurance (insurance_id,coverage,issued_date,pay_id) VALUES (5,'783.93','2019-01-11',5);
INSERT INTO insurance (insurance_id,coverage,issued_date,pay_id) VALUES (6,'456.13','2018-12-29',6);
INSERT INTO insurance (insurance_id,coverage,issued_date,pay_id) VALUES (7,'645.07','2018-05-07',7);
INSERT INTO insurance (insurance_id,coverage,issued_date,pay_id) VALUES (8,'891.92','2019-03-14',8);
INSERT INTO insurance (insurance_id,coverage,issued_date,pay_id) VALUES (9,'118.02','2016-12-08',9);
INSERT INTO insurance (insurance_id,coverage,issued_date,pay_id) VALUES (10,'507.51','2018-01-13',10);
INSERT INTO insurance (insurance_id,coverage,issued_date,pay_id) VALUES (11,'145.77','2021-12-13',11);
INSERT INTO insurance (insurance_id,coverage,issued_date,pay_id) VALUES (12,'512.64','2017-02-08',12);
INSERT INTO insurance (insurance_id,coverage,issued_date,pay_id) VALUES (13,'65.12','2020-04-02',13);
INSERT INTO insurance (insurance_id,coverage,issued_date,pay_id) VALUES (14,'236.49','2021-10-31',14);
INSERT INTO insurance (insurance_id,coverage,issued_date,pay_id) VALUES (15,'217.65','2017-11-09',15);
INSERT INTO insurance (insurance_id,coverage,issued_date,pay_id) VALUES (16,'885.17','2020-01-21',16);
INSERT INTO insurance (insurance_id,coverage,issued_date,pay_id) VALUES (17,'896.26','2021-01-31',17);
INSERT INTO insurance (insurance_id,coverage,issued_date,pay_id) VALUES (18,'216.74','2020-02-12',18);
INSERT INTO insurance (insurance_id,coverage,issued_date,pay_id) VALUES (19,'547.59','2017-05-06',19);
INSERT INTO insurance (insurance_id,coverage,issued_date,pay_id) VALUES (20,'407.55','2019-03-23',20);
INSERT INTO insurance (insurance_id,coverage,issued_date,pay_id) VALUES (21,'495.17','2016-07-12',21);
INSERT INTO insurance (insurance_id,coverage,issued_date,pay_id) VALUES (22,'12.88','2019-03-31',22);
INSERT INTO insurance (insurance_id,coverage,issued_date,pay_id) VALUES (23,'36.41','2016-10-10',23);
INSERT INTO insurance (insurance_id,coverage,issued_date,pay_id) VALUES (24,'936.83','2016-07-03',24);
INSERT INTO insurance (insurance_id,coverage,issued_date,pay_id) VALUES (25,'484.23','2020-01-04',25);
INSERT INTO insurance (insurance_id,coverage,issued_date,pay_id) VALUES (26,'146.61','2018-06-26',26);
INSERT INTO insurance (insurance_id,coverage,issued_date,pay_id) VALUES (27,'876.74','2020-09-01',27);
INSERT INTO insurance (insurance_id,coverage,issued_date,pay_id) VALUES (28,'765.26','2020-09-06',28);
INSERT INTO insurance (insurance_id,coverage,issued_date,pay_id) VALUES (29,'549.15','2017-05-24',29);
INSERT INTO insurance (insurance_id,coverage,issued_date,pay_id) VALUES (30,'997.07','2020-03-06',30);
INSERT INTO insurance (insurance_id,coverage,issued_date,pay_id) VALUES (31,'482.00','2019-12-12',31);
INSERT INTO insurance (insurance_id,coverage,issued_date,pay_id) VALUES (32,'9.06','2021-04-28',32);
INSERT INTO insurance (insurance_id,coverage,issued_date,pay_id) VALUES (33,'864.04','2016-11-13',33);
INSERT INTO insurance (insurance_id,coverage,issued_date,pay_id) VALUES (34,'193.65','2019-08-19',34);
INSERT INTO insurance (insurance_id,coverage,issued_date,pay_id) VALUES (35,'74.08','2017-02-13',35);
INSERT INTO insurance (insurance_id,coverage,issued_date,pay_id) VALUES (36,'574.82','2020-03-14',36);
INSERT INTO insurance (insurance_id,coverage,issued_date,pay_id) VALUES (37,'853.79','2017-11-27',37);
INSERT INTO insurance (insurance_id,coverage,issued_date,pay_id) VALUES (38,'5.32','2020-03-09',38);
INSERT INTO insurance (insurance_id,coverage,issued_date,pay_id) VALUES (39,'75.80','2021-09-20',39);
INSERT INTO insurance (insurance_id,coverage,issued_date,pay_id) VALUES (40,'257.08','2019-04-20',40);
INSERT INTO insurance (insurance_id,coverage,issued_date,pay_id) VALUES (41,'709.91','2017-09-26',41);
INSERT INTO insurance (insurance_id,coverage,issued_date,pay_id) VALUES (42,'583.00','2020-09-25',42);
INSERT INTO insurance (insurance_id,coverage,issued_date,pay_id) VALUES (43,'583.95','2019-07-07',43);
INSERT INTO insurance (insurance_id,coverage,issued_date,pay_id) VALUES (44,'301.36','2020-03-23',44);
INSERT INTO insurance (insurance_id,coverage,issued_date,pay_id) VALUES (45,'838.16','2019-10-16',45);
INSERT INTO insurance (insurance_id,coverage,issued_date,pay_id) VALUES (46,'377.48','2017-06-26',46);
INSERT INTO insurance (insurance_id,coverage,issued_date,pay_id) VALUES (47,'100.84','2021-11-30',47);
INSERT INTO insurance (insurance_id,coverage,issued_date,pay_id) VALUES (48,'413.13','2018-11-25',48);
INSERT INTO insurance (insurance_id,coverage,issued_date,pay_id) VALUES (49,'916.87','2020-01-12',49);
INSERT INTO insurance (insurance_id,coverage,issued_date,pay_id) VALUES (50,'641.17','2021-06-06',50);




INSERT INTO accident (accident_id,report_date,damage_cost,is_at_fault,insurance_id) VALUES (1,'2020-03-18','8332.61','1',1);
INSERT INTO accident (accident_id,report_date,damage_cost,is_at_fault,insurance_id) VALUES (2,'2016-08-19','2860.01','0',2);
INSERT INTO accident (accident_id,report_date,damage_cost,is_at_fault,insurance_id) VALUES (3,'2020-06-19','1619.94','0',3);
INSERT INTO accident (accident_id,report_date,damage_cost,is_at_fault,insurance_id) VALUES (4,'2013-08-08','5392.16','0',4);
INSERT INTO accident (accident_id,report_date,damage_cost,is_at_fault,insurance_id) VALUES (5,'2020-07-20','3982.56','1',5);
INSERT INTO accident (accident_id,report_date,damage_cost,is_at_fault,insurance_id) VALUES (6,'2014-11-27','817.91','1',6);
INSERT INTO accident (accident_id,report_date,damage_cost,is_at_fault,insurance_id) VALUES (7,'2015-09-13','6889.23','1',7);
INSERT INTO accident (accident_id,report_date,damage_cost,is_at_fault,insurance_id) VALUES (8,'2020-09-11','8583.46','1',8);
INSERT INTO accident (accident_id,report_date,damage_cost,is_at_fault,insurance_id) VALUES (9,'2014-10-25','4145.92','0',9);
INSERT INTO accident (accident_id,report_date,damage_cost,is_at_fault,insurance_id) VALUES (10,'2019-01-08','3540.35','0',10);
INSERT INTO accident (accident_id,report_date,damage_cost,is_at_fault,insurance_id) VALUES (11,'2015-02-23','3859.63','0',11);
INSERT INTO accident (accident_id,report_date,damage_cost,is_at_fault,insurance_id) VALUES (12,'2017-09-06','698.53','0',12);
INSERT INTO accident (accident_id,report_date,damage_cost,is_at_fault,insurance_id) VALUES (13,'2017-01-15','5507.71','1',13);
INSERT INTO accident (accident_id,report_date,damage_cost,is_at_fault,insurance_id) VALUES (14,'2013-09-09','2974.67','1',14);
INSERT INTO accident (accident_id,report_date,damage_cost,is_at_fault,insurance_id) VALUES (15,'2015-09-24','3138.36','0',15);
INSERT INTO accident (accident_id,report_date,damage_cost,is_at_fault,insurance_id) VALUES (16,'2020-01-31','6575.63','1',16);
INSERT INTO accident (accident_id,report_date,damage_cost,is_at_fault,insurance_id) VALUES (17,'2019-05-09','4721.24','0',17);
INSERT INTO accident (accident_id,report_date,damage_cost,is_at_fault,insurance_id) VALUES (18,'2013-10-06','2403.99','1',18);
INSERT INTO accident (accident_id,report_date,damage_cost,is_at_fault,insurance_id) VALUES (19,'2017-07-24','4890.79','1',19);
INSERT INTO accident (accident_id,report_date,damage_cost,is_at_fault,insurance_id) VALUES (20,'2015-08-15','1481.82','0',20);
INSERT INTO accident (accident_id,report_date,damage_cost,is_at_fault,insurance_id) VALUES (21,'2018-05-18','3361.15','1',21);
INSERT INTO accident (accident_id,report_date,damage_cost,is_at_fault,insurance_id) VALUES (22,'2018-07-28','7109.54','0',22);
INSERT INTO accident (accident_id,report_date,damage_cost,is_at_fault,insurance_id) VALUES (23,'2013-09-22','2074.60','0',23);
INSERT INTO accident (accident_id,report_date,damage_cost,is_at_fault,insurance_id) VALUES (24,'2016-02-08','2492.41','1',24);
INSERT INTO accident (accident_id,report_date,damage_cost,is_at_fault,insurance_id) VALUES (25,'2014-08-03','4463.05','0',25);
INSERT INTO accident (accident_id,report_date,damage_cost,is_at_fault,insurance_id) VALUES (26,'2018-03-01','964.11','1',26);
INSERT INTO accident (accident_id,report_date,damage_cost,is_at_fault,insurance_id) VALUES (27,'2014-11-04','8032.83','1',27);
INSERT INTO accident (accident_id,report_date,damage_cost,is_at_fault,insurance_id) VALUES (28,'2018-01-11','1996.67','0',28);
INSERT INTO accident (accident_id,report_date,damage_cost,is_at_fault,insurance_id) VALUES (29,'2017-05-29','6447.42','0',29);
INSERT INTO accident (accident_id,report_date,damage_cost,is_at_fault,insurance_id) VALUES (30,'2019-09-12','6206.77','1',30);
INSERT INTO accident (accident_id,report_date,damage_cost,is_at_fault,insurance_id) VALUES (31,'2015-07-04','2188.77','1',31);
INSERT INTO accident (accident_id,report_date,damage_cost,is_at_fault,insurance_id) VALUES (32,'2015-09-14','8600.40','1',32);
INSERT INTO accident (accident_id,report_date,damage_cost,is_at_fault,insurance_id) VALUES (33,'2013-10-17','5108.31','1',33);
INSERT INTO accident (accident_id,report_date,damage_cost,is_at_fault,insurance_id) VALUES (34,'2018-12-08','8558.20','1',34);
INSERT INTO accident (accident_id,report_date,damage_cost,is_at_fault,insurance_id) VALUES (35,'2021-12-08','7396.58','1',35);
INSERT INTO accident (accident_id,report_date,damage_cost,is_at_fault,insurance_id) VALUES (36,'2017-02-18','6996.89','0',36);
INSERT INTO accident (accident_id,report_date,damage_cost,is_at_fault,insurance_id) VALUES (37,'2016-11-29','9271.45','1',37);
INSERT INTO accident (accident_id,report_date,damage_cost,is_at_fault,insurance_id) VALUES (38,'2013-09-03','23.87','1',38);
INSERT INTO accident (accident_id,report_date,damage_cost,is_at_fault,insurance_id) VALUES (39,'2013-10-06','2486.32','0',39);
INSERT INTO accident (accident_id,report_date,damage_cost,is_at_fault,insurance_id) VALUES (40,'2014-03-10','7109.33','0',40);
INSERT INTO accident (accident_id,report_date,damage_cost,is_at_fault,insurance_id) VALUES (41,'2021-11-14','3757.34','0',41);
INSERT INTO accident (accident_id,report_date,damage_cost,is_at_fault,insurance_id) VALUES (42,'2019-04-17','2505.58','0',42);
INSERT INTO accident (accident_id,report_date,damage_cost,is_at_fault,insurance_id) VALUES (43,'2013-01-07','2099.85','1',43);
INSERT INTO accident (accident_id,report_date,damage_cost,is_at_fault,insurance_id) VALUES (44,'2019-04-26','6600.90','1',44);
INSERT INTO accident (accident_id,report_date,damage_cost,is_at_fault,insurance_id) VALUES (45,'2019-08-02','7285.27','1',45);
INSERT INTO accident (accident_id,report_date,damage_cost,is_at_fault,insurance_id) VALUES (46,'2013-04-18','1047.81','0',46);
INSERT INTO accident (accident_id,report_date,damage_cost,is_at_fault,insurance_id) VALUES (47,'2013-10-29','8696.22','0',47);
INSERT INTO accident (accident_id,report_date,damage_cost,is_at_fault,insurance_id) VALUES (48,'2013-10-30','9833.36','1',48);
INSERT INTO accident (accident_id,report_date,damage_cost,is_at_fault,insurance_id) VALUES (49,'2019-04-30','5447.39','1',49);
INSERT INTO accident (accident_id,report_date,damage_cost,is_at_fault,insurance_id) VALUES (50,'2018-08-03','3578.22','1',50);








